product_id,product_name,category,unit_cost,selling_price,criticality,primary_supplier_id
PROD_ITEM_001,Automotive SKU-001,Automotive,137.81,237.14,1,SUP_015
PROD_ITEM_002,Automotive SKU-002,Automotive,237.84,401.56,3,SUP_004
PROD_ITEM_003,Automotive SKU-003,Automotive,214.48,292.96,1,SUP_001
PROD_ITEM_004,Automotive SKU-004,Automotive,200.86,273.83,1,SUP_004
PROD_ITEM_005,Automotive SKU-005,Automotive,232.21,362.19,2,SUP_015
PROD_ITEM_006,Automotive SKU-006,Automotive,249.51,337.65,3,SUP_007
PROD_ITEM_007,Automotive SKU-007,Automotive,187.62,279.35,1,SUP_015
PROD_ITEM_008,Automotive SKU-008,Automotive,136.35,209.97,1,SUP_007
PROD_ITEM_009,Automotive SKU-009,Automotive,216.6,379.82,2,SUP_007
PROD_ITEM_010,Automotive SKU-010,Automotive,139.97,253.51,1,SUP_011
PROD_ITEM_011,Automotive SKU-011,Automotive,252.7,419.29,3,SUP_007
PROD_ITEM_012,Automotive SKU-012,Automotive,150.77,208.78,2,SUP_011
PROD_ITEM_013,Electronics SKU-013,Electronics,575.12,1022.37,3,SUP_007
PROD_ITEM_014,Electronics SKU-014,Electronics,341.73,569.95,1,SUP_009
PROD_ITEM_015,Electronics SKU-015,Electronics,367.24,618.83,2,SUP_007
PROD_ITEM_016,Electronics SKU-016,Electronics,463.85,767.47,1,SUP_020
PROD_ITEM_017,Electronics SKU-017,Electronics,330.79,523.02,1,SUP_020
PROD_ITEM_018,Electronics SKU-018,Electronics,477.09,696.46,1,SUP_020
PROD_ITEM_019,Electronics SKU-019,Electronics,325.59,444.77,1,SUP_002
PROD_ITEM_020,Electronics SKU-020,Electronics,271.84,491.1,2,SUP_007
PROD_ITEM_021,Electronics SKU-021,Electronics,353.84,593.64,1,SUP_020
PROD_ITEM_022,Electronics SKU-022,Electronics,401.42,595.08,1,SUP_020
PROD_ITEM_023,Electronics SKU-023,Electronics,427.86,737.42,2,SUP_011
PROD_ITEM_024,Electronics SKU-024,Electronics,381.8,557.3,3,SUP_011
PROD_ITEM_025,Electronics SKU-025,Electronics,412.86,713.38,3,SUP_011
PROD_ITEM_026,Electronics SKU-026,Electronics,457.06,798.04,2,SUP_006
PROD_ITEM_027,Industrial SKU-027,Industrial,122.32,201.58,2,SUP_005
PROD_ITEM_028,Industrial SKU-028,Industrial,186.82,332.61,1,SUP_009
PROD_ITEM_029,Industrial SKU-029,Industrial,154.99,250.85,1,SUP_005
PROD_ITEM_030,Industrial SKU-030,Industrial,92.27,144.62,2,SUP_011
PROD_ITEM_031,Industrial SKU-031,Industrial,186.91,323.54,2,SUP_009
PROD_ITEM_032,Industrial SKU-032,Industrial,175.76,263.5,2,SUP_005
PROD_ITEM_033,Industrial SKU-033,Industrial,96.81,167.6,2,SUP_008
PROD_ITEM_034,Industrial SKU-034,Industrial,181.03,298.6,2,SUP_019
PROD_ITEM_035,Industrial SKU-035,Industrial,182.2,326.02,3,SUP_005
PROD_ITEM_036,Industrial SKU-036,Industrial,106.34,156.37,2,SUP_009
PROD_ITEM_037,FMCG SKU-037,FMCG,33.85,53.92,1,SUP_007
PROD_ITEM_038,FMCG SKU-038,FMCG,64.46,91.16,2,SUP_017
PROD_ITEM_039,FMCG SKU-039,FMCG,37.43,60.41,2,SUP_017
PROD_ITEM_040,FMCG SKU-040,FMCG,71.8,124.04,2,SUP_009
PROD_ITEM_041,FMCG SKU-041,FMCG,44.03,81.35,2,SUP_018
PROD_ITEM_042,FMCG SKU-042,FMCG,70.48,111.06,1,SUP_011
PROD_ITEM_043,FMCG SKU-043,FMCG,45.21,74.33,1,SUP_007
PROD_ITEM_044,FMCG SKU-044,FMCG,30.32,51.66,1,SUP_009
PROD_ITEM_045,Pharma SKU-045,Pharma,397.3,707.12,1,SUP_007
PROD_ITEM_046,Pharma SKU-046,Pharma,246.83,393.13,2,SUP_009
PROD_ITEM_047,Pharma SKU-047,Pharma,318.29,468.36,2,SUP_014
PROD_ITEM_048,Pharma SKU-048,Pharma,225.7,315.63,2,SUP_012
PROD_ITEM_049,Pharma SKU-049,Pharma,278.66,496.55,1,SUP_012
PROD_ITEM_050,Pharma SKU-050,Pharma,194.55,333.48,3,SUP_007
