route_id,origin,destination,origin_type,destination_type,distance,transport_mode,transit_time,transportation_cost,capacity,risk_level,status
RT_0001,SUP_001,PROD_01,SUPPLIER,PRODUCTION,15.0,ROAD,0.5,15.0,5000.0,0.048,OPEN
RT_0002,SUP_001,WH_08,SUPPLIER,WAREHOUSE,15.0,ROAD,0.5,15.0,5000.0,0.02,OPEN
RT_0003,SUP_001,WH_01,SUPPLIER,WAREHOUSE,125.65,ROAD,0.5,15.08,5000.0,0.097,OPEN
RT_0004,SUP_002,PROD_02,SUPPLIER,PRODUCTION,15.0,ROAD,0.5,15.0,5000.0,0.084,OPEN
RT_0005,SUP_002,WH_04,SUPPLIER,WAREHOUSE,15.0,ROAD,0.5,15.0,5000.0,0.046,OPEN
RT_0006,SUP_002,PROD_07,SUPPLIER,PRODUCTION,300.72,ROAD,0.75,36.09,5000.0,0.094,OPEN
RT_0007,SUP_003,PROD_04,SUPPLIER,PRODUCTION,15.0,ROAD,0.5,15.0,5000.0,0.075,OPEN
RT_0008,SUP_003,WH_02,SUPPLIER,WAREHOUSE,30.18,ROAD,0.5,15.0,5000.0,0.063,OPEN
RT_0009,SUP_003,WH_10,SUPPLIER,WAREHOUSE,257.31,ROAD,0.64,30.88,5000.0,0.021,OPEN
RT_0010,SUP_004,PROD_03,SUPPLIER,PRODUCTION,15.0,ROAD,0.5,15.0,5000.0,0.028,OPEN
RT_0011,SUP_004,WH_07,SUPPLIER,WAREHOUSE,27.19,ROAD,0.5,15.0,5000.0,0.108,OPEN
RT_0012,SUP_004,PROD_05,SUPPLIER,PRODUCTION,417.34,ROAD,1.04,50.08,5000.0,0.11,OPEN
RT_0013,SUP_005,PROD_08,SUPPLIER,PRODUCTION,15.0,ROAD,0.5,15.0,5000.0,0.075,OPEN
RT_0014,SUP_005,WH_05,SUPPLIER,WAREHOUSE,261.84,ROAD,0.65,31.42,5000.0,0.103,OPEN
RT_0015,SUP_005,WH_09,SUPPLIER,WAREHOUSE,922.77,RAIL,1.68,73.82,5000.0,0.035,OPEN
RT_0016,SUP_006,PROD_07,SUPPLIER,PRODUCTION,15.0,ROAD,0.5,15.0,5000.0,0.033,OPEN
RT_0017,SUP_006,WH_03,SUPPLIER,WAREHOUSE,15.0,ROAD,0.5,15.0,5000.0,0.051,OPEN
RT_0018,SUP_006,PROD_02,SUPPLIER,PRODUCTION,300.72,ROAD,0.75,36.09,5000.0,0.11,OPEN
RT_0019,SUP_007,WH_07,SUPPLIER,WAREHOUSE,15.0,ROAD,0.5,15.0,5000.0,0.1,OPEN
RT_0020,SUP_007,PROD_03,SUPPLIER,PRODUCTION,27.19,ROAD,0.5,15.0,5000.0,0.106,OPEN
RT_0021,SUP_007,PROD_05,SUPPLIER,PRODUCTION,390.78,ROAD,0.98,46.89,5000.0,0.11,OPEN
RT_0022,SUP_008,PROD_05,SUPPLIER,PRODUCTION,15.0,ROAD,0.5,15.0,5000.0,0.041,OPEN
RT_0023,SUP_008,WH_07,SUPPLIER,WAREHOUSE,390.78,ROAD,0.98,46.89,5000.0,0.045,OPEN
RT_0024,SUP_008,PROD_03,SUPPLIER,PRODUCTION,417.34,ROAD,1.04,50.08,5000.0,0.03,OPEN
RT_0025,SUP_009,PROD_06,SUPPLIER,PRODUCTION,15.0,ROAD,0.5,15.0,5000.0,0.098,OPEN
RT_0026,SUP_009,WH_02,SUPPLIER,WAREHOUSE,276.67,ROAD,0.69,33.2,5000.0,0.108,OPEN
RT_0027,SUP_009,PROD_04,SUPPLIER,PRODUCTION,302.74,ROAD,0.76,36.33,5000.0,0.061,OPEN
RT_0028,SUP_010,WH_07,SUPPLIER,WAREHOUSE,239.75,ROAD,0.6,28.77,5000.0,0.082,OPEN
RT_0029,SUP_010,PROD_03,SUPPLIER,PRODUCTION,252.78,ROAD,0.63,30.33,5000.0,0.035,OPEN
RT_0030,SUP_010,WH_01,SUPPLIER,WAREHOUSE,255.86,ROAD,0.64,30.7,5000.0,0.113,OPEN
RT_0031,SUP_011,WH_02,SUPPLIER,WAREHOUSE,15.0,ROAD,0.5,15.0,5000.0,0.106,OPEN
RT_0032,SUP_011,PROD_04,SUPPLIER,PRODUCTION,30.18,ROAD,0.5,15.0,5000.0,0.118,OPEN
RT_0033,SUP_011,PROD_06,SUPPLIER,PRODUCTION,276.67,ROAD,0.69,33.2,5000.0,0.101,OPEN
RT_0034,SUP_012,WH_06,SUPPLIER,WAREHOUSE,15.0,ROAD,0.5,15.0,5000.0,0.108,OPEN
RT_0035,SUP_012,WH_09,SUPPLIER,WAREHOUSE,483.27,ROAD,1.21,57.99,5000.0,0.022,OPEN
RT_0036,SUP_012,PROD_02,SUPPLIER,PRODUCTION,591.88,ROAD,1.48,71.03,5000.0,0.094,OPEN
RT_0037,SUP_013,WH_01,SUPPLIER,WAREHOUSE,15.0,ROAD,0.5,15.0,5000.0,0.053,OPEN
RT_0038,SUP_013,PROD_01,SUPPLIER,PRODUCTION,125.65,ROAD,0.5,15.08,5000.0,0.113,OPEN
RT_0039,SUP_013,WH_08,SUPPLIER,WAREHOUSE,125.65,ROAD,0.5,15.08,5000.0,0.1,OPEN
RT_0040,SUP_014,WH_07,SUPPLIER,WAREHOUSE,111.97,ROAD,0.5,15.0,5000.0,0.106,OPEN
RT_0041,SUP_014,PROD_03,SUPPLIER,PRODUCTION,136.26,ROAD,0.5,16.35,5000.0,0.101,OPEN
RT_0042,SUP_014,PROD_05,SUPPLIER,PRODUCTION,317.48,ROAD,0.79,38.1,5000.0,0.047,OPEN
RT_0043,SUP_015,WH_02,SUPPLIER,WAREHOUSE,348.71,ROAD,0.87,41.85,5000.0,0.099,OPEN
RT_0044,SUP_015,PROD_04,SUPPLIER,PRODUCTION,358.73,ROAD,0.9,43.05,5000.0,0.031,OPEN
RT_0045,SUP_015,PROD_06,SUPPLIER,PRODUCTION,497.16,ROAD,1.24,59.66,5000.0,0.107,OPEN
RT_0046,SUP_016,PROD_07,SUPPLIER,PRODUCTION,300.27,ROAD,0.75,36.03,5000.0,0.106,OPEN
RT_0047,SUP_016,WH_03,SUPPLIER,WAREHOUSE,300.27,ROAD,0.75,36.03,5000.0,0.042,OPEN
RT_0048,SUP_016,PROD_02,SUPPLIER,PRODUCTION,530.85,ROAD,1.33,63.7,5000.0,0.102,OPEN
RT_0049,SUP_017,PROD_06,SUPPLIER,PRODUCTION,363.3,ROAD,0.91,43.6,5000.0,0.066,OPEN
RT_0050,SUP_017,WH_02,SUPPLIER,WAREHOUSE,476.73,ROAD,1.19,57.21,5000.0,0.051,OPEN
RT_0051,SUP_017,PROD_04,SUPPLIER,PRODUCTION,482.29,ROAD,1.21,57.87,5000.0,0.1,OPEN
RT_0052,SUP_018,WH_02,SUPPLIER,WAREHOUSE,291.93,ROAD,0.73,35.03,5000.0,0.043,OPEN
RT_0053,SUP_018,PROD_04,SUPPLIER,PRODUCTION,309.83,ROAD,0.77,37.18,5000.0,0.022,OPEN
RT_0054,SUP_018,PROD_06,SUPPLIER,PRODUCTION,394.33,ROAD,0.99,47.32,5000.0,0.039,OPEN
RT_0055,SUP_019,PROD_08,SUPPLIER,PRODUCTION,343.63,ROAD,0.86,41.24,5000.0,0.053,OPEN
RT_0056,SUP_019,WH_05,SUPPLIER,WAREHOUSE,449.34,ROAD,1.12,53.92,5000.0,0.106,OPEN
RT_0057,SUP_019,WH_09,SUPPLIER,WAREHOUSE,862.38,ROAD,2.16,103.49,5000.0,0.117,OPEN
RT_0058,SUP_020,WH_10,SUPPLIER,WAREHOUSE,15.0,ROAD,0.5,15.0,5000.0,0.048,OPEN
RT_0059,SUP_020,PROD_04,SUPPLIER,PRODUCTION,257.31,ROAD,0.64,30.88,5000.0,0.084,OPEN
RT_0060,SUP_020,WH_02,SUPPLIER,WAREHOUSE,287.05,ROAD,0.72,34.45,5000.0,0.06,OPEN
RT_0061,WH_01,HUB_05,WAREHOUSE,HUB,255.86,ROAD,0.64,35.82,8000.0,0.088,OPEN
RT_0062,WH_01,HUB_13,WAREHOUSE,HUB,408.68,ROAD,1.02,57.22,8000.0,0.053,OPEN
RT_0063,WH_01,HUB_03,WAREHOUSE,HUB,559.86,ROAD,1.4,78.38,8000.0,0.085,OPEN
RT_0064,WH_01,HUB_02,WAREHOUSE,HUB,768.89,ROAD,1.92,107.64,8000.0,0.019,OPEN
RT_0065,WH_02,HUB_07,WAREHOUSE,HUB,291.93,ROAD,0.73,40.87,8000.0,0.088,OPEN
RT_0066,WH_02,HUB_12,WAREHOUSE,HUB,348.71,ROAD,0.87,48.82,8000.0,0.024,OPEN
RT_0067,WH_02,HUB_01,WAREHOUSE,HUB,508.73,ROAD,1.27,71.22,8000.0,0.087,OPEN
RT_0068,WH_02,HUB_02,WAREHOUSE,HUB,726.74,ROAD,1.82,101.74,8000.0,0.031,OPEN
RT_0069,WH_03,HUB_11,WAREHOUSE,HUB,300.27,ROAD,0.75,42.04,8000.0,0.019,OPEN
RT_0070,WH_03,HUB_06,WAREHOUSE,HUB,472.07,ROAD,1.18,66.09,8000.0,0.045,OPEN
RT_0071,WH_03,HUB_10,WAREHOUSE,HUB,945.71,ROAD,2.36,132.4,8000.0,0.068,OPEN
RT_0072,WH_03,HUB_15,WAREHOUSE,HUB,1215.55,ROAD,3.04,170.18,8000.0,0.035,OPEN
RT_0073,WH_04,HUB_11,WAREHOUSE,HUB,530.85,ROAD,1.33,74.32,8000.0,0.058,OPEN
RT_0074,WH_04,HUB_06,WAREHOUSE,HUB,698.16,ROAD,1.75,97.74,8000.0,0.051,OPEN
RT_0075,WH_04,HUB_10,WAREHOUSE,HUB,701.44,ROAD,1.75,98.2,8000.0,0.041,OPEN
RT_0076,WH_04,HUB_15,WAREHOUSE,HUB,1067.99,ROAD,2.67,149.52,8000.0,0.056,OPEN
RT_0077,WH_05,HUB_08,WAREHOUSE,HUB,449.34,ROAD,1.12,62.91,8000.0,0.03,OPEN
RT_0078,WH_05,HUB_04,WAREHOUSE,HUB,555.2,ROAD,1.39,77.73,8000.0,0.067,OPEN
RT_0079,WH_05,HUB_09,WAREHOUSE,HUB,633.49,ROAD,1.58,88.69,8000.0,0.01,OPEN
RT_0080,WH_05,HUB_14,WAREHOUSE,HUB,749.52,ROAD,1.87,104.93,8000.0,0.084,OPEN
RT_0081,WH_06,HUB_10,WAREHOUSE,HUB,612.38,ROAD,1.53,85.73,8000.0,0.053,OPEN
RT_0082,WH_06,HUB_15,WAREHOUSE,HUB,635.22,ROAD,1.59,88.93,8000.0,0.068,OPEN
RT_0083,WH_06,HUB_03,WAREHOUSE,HUB,763.83,ROAD,1.91,106.94,8000.0,0.069,OPEN
RT_0084,WH_06,HUB_02,WAREHOUSE,HUB,775.76,ROAD,1.94,108.61,8000.0,0.064,OPEN
RT_0085,WH_07,HUB_13,WAREHOUSE,HUB,111.97,ROAD,0.5,15.68,8000.0,0.039,OPEN
RT_0086,WH_07,HUB_05,WAREHOUSE,HUB,239.75,ROAD,0.6,33.57,8000.0,0.016,OPEN
RT_0087,WH_07,HUB_03,WAREHOUSE,HUB,390.78,ROAD,0.98,54.71,8000.0,0.063,OPEN
RT_0088,WH_07,HUB_02,WAREHOUSE,HUB,604.07,ROAD,1.51,84.57,8000.0,0.036,OPEN
RT_0089,WH_08,HUB_05,WAREHOUSE,HUB,352.3,ROAD,0.88,49.32,8000.0,0.035,OPEN
RT_0090,WH_08,HUB_13,WAREHOUSE,HUB,488.83,ROAD,1.22,68.44,8000.0,0.078,OPEN
RT_0091,WH_08,HUB_03,WAREHOUSE,HUB,572.05,ROAD,1.43,80.09,8000.0,0.068,OPEN
RT_0092,WH_08,HUB_02,WAREHOUSE,HUB,758.02,ROAD,1.9,106.12,8000.0,0.034,OPEN
RT_0093,WH_09,HUB_15,WAREHOUSE,HUB,321.75,ROAD,0.8,45.05,8000.0,0.035,OPEN
RT_0094,WH_09,HUB_02,WAREHOUSE,HUB,355.72,ROAD,0.89,49.8,8000.0,0.043,OPEN
RT_0095,WH_09,HUB_03,WAREHOUSE,HUB,471.69,ROAD,1.18,66.04,8000.0,0.042,OPEN
RT_0096,WH_09,HUB_10,WAREHOUSE,HUB,706.61,ROAD,1.77,98.93,8000.0,0.034,OPEN
RT_0097,WH_10,HUB_07,WAREHOUSE,HUB,531.57,ROAD,1.33,74.42,8000.0,0.02,OPEN
RT_0098,WH_10,HUB_02,WAREHOUSE,HUB,534.19,ROAD,1.34,74.79,8000.0,0.044,OPEN
RT_0099,WH_10,HUB_12,WAREHOUSE,HUB,541.14,ROAD,1.35,75.76,8000.0,0.085,OPEN
RT_0100,WH_10,HUB_03,WAREHOUSE,HUB,583.16,ROAD,1.46,81.64,8000.0,0.064,OPEN
RT_0101,WH_02,ZONE_01,WAREHOUSE,DEMAND_ZONE,15.0,ROAD,0.5,10.0,4000.0,0.073,OPEN
RT_0102,WH_10,ZONE_01,WAREHOUSE,DEMAND_ZONE,287.05,ROAD,0.72,51.67,4000.0,0.053,OPEN
RT_0103,WH_02,ZONE_02,WAREHOUSE,DEMAND_ZONE,30.18,ROAD,0.5,10.0,4000.0,0.031,OPEN
RT_0104,WH_10,ZONE_02,WAREHOUSE,DEMAND_ZONE,257.31,ROAD,0.64,46.32,4000.0,0.048,OPEN
RT_0105,WH_10,ZONE_03,WAREHOUSE,DEMAND_ZONE,15.0,ROAD,0.5,10.0,4000.0,0.01,OPEN
RT_0106,WH_02,ZONE_03,WAREHOUSE,DEMAND_ZONE,287.05,ROAD,0.72,51.67,4000.0,0.03,OPEN
RT_0107,HUB_01,ZONE_04,HUB,DEMAND_ZONE,15.0,ROAD,0.5,10.0,4000.0,0.04,OPEN
RT_0108,HUB_14,ZONE_04,HUB,DEMAND_ZONE,322.58,ROAD,0.81,58.06,4000.0,0.051,OPEN
RT_0109,HUB_07,ZONE_05,HUB,DEMAND_ZONE,15.0,ROAD,0.5,10.0,4000.0,0.056,OPEN
RT_0110,HUB_12,ZONE_05,HUB,DEMAND_ZONE,109.81,ROAD,0.5,19.77,4000.0,0.043,OPEN
RT_0111,HUB_12,ZONE_06,HUB,DEMAND_ZONE,15.0,ROAD,0.5,10.0,4000.0,0.041,OPEN
RT_0112,HUB_07,ZONE_06,HUB,DEMAND_ZONE,109.81,ROAD,0.5,19.77,4000.0,0.025,OPEN
RT_0113,HUB_01,ZONE_07,HUB,DEMAND_ZONE,91.9,ROAD,0.5,16.54,4000.0,0.043,OPEN
RT_0114,HUB_14,ZONE_07,HUB,DEMAND_ZONE,357.15,ROAD,0.89,64.29,4000.0,0.073,OPEN
RT_0115,HUB_14,ZONE_08,HUB,DEMAND_ZONE,15.0,ROAD,0.5,10.0,4000.0,0.066,OPEN
RT_0116,HUB_04,ZONE_08,HUB,DEMAND_ZONE,267.67,ROAD,0.67,48.18,4000.0,0.022,OPEN
RT_0117,WH_01,ZONE_09,WAREHOUSE,DEMAND_ZONE,15.0,ROAD,0.5,10.0,4000.0,0.016,OPEN
RT_0118,WH_08,ZONE_09,WAREHOUSE,DEMAND_ZONE,125.65,ROAD,0.5,22.62,4000.0,0.046,OPEN
RT_0119,WH_08,ZONE_10,WAREHOUSE,DEMAND_ZONE,15.0,ROAD,0.5,10.0,4000.0,0.054,OPEN
RT_0120,WH_01,ZONE_10,WAREHOUSE,DEMAND_ZONE,125.65,ROAD,0.5,22.62,4000.0,0.033,OPEN
RT_0121,WH_07,ZONE_11,WAREHOUSE,DEMAND_ZONE,15.0,ROAD,0.5,10.0,4000.0,0.067,OPEN
RT_0122,HUB_13,ZONE_11,HUB,DEMAND_ZONE,111.97,ROAD,0.5,20.15,4000.0,0.063,OPEN
RT_0123,HUB_05,ZONE_12,HUB,DEMAND_ZONE,15.0,ROAD,0.5,10.0,4000.0,0.057,OPEN
RT_0124,HUB_13,ZONE_12,HUB,DEMAND_ZONE,160.43,ROAD,0.5,28.88,4000.0,0.026,OPEN
RT_0125,HUB_13,ZONE_13,HUB,DEMAND_ZONE,15.0,ROAD,0.5,10.0,4000.0,0.024,OPEN
RT_0126,WH_07,ZONE_13,WAREHOUSE,DEMAND_ZONE,111.97,ROAD,0.5,20.15,4000.0,0.012,OPEN
RT_0127,WH_09,ZONE_14,WAREHOUSE,DEMAND_ZONE,15.0,ROAD,0.5,10.0,4000.0,0.027,OPEN
RT_0128,HUB_15,ZONE_14,HUB,DEMAND_ZONE,321.75,ROAD,0.8,57.91,4000.0,0.043,OPEN
RT_0129,WH_03,ZONE_15,WAREHOUSE,DEMAND_ZONE,15.0,ROAD,0.5,10.0,4000.0,0.069,OPEN
RT_0130,HUB_11,ZONE_15,HUB,DEMAND_ZONE,300.27,ROAD,0.75,54.05,4000.0,0.015,OPEN
RT_0131,WH_04,ZONE_16,WAREHOUSE,DEMAND_ZONE,15.0,ROAD,0.5,10.0,4000.0,0.039,OPEN
RT_0132,WH_03,ZONE_16,WAREHOUSE,DEMAND_ZONE,300.72,ROAD,0.75,54.13,4000.0,0.054,OPEN
RT_0133,WH_06,ZONE_17,WAREHOUSE,DEMAND_ZONE,15.0,ROAD,0.5,10.0,4000.0,0.024,OPEN
RT_0134,WH_09,ZONE_17,WAREHOUSE,DEMAND_ZONE,483.27,ROAD,1.21,86.99,4000.0,0.059,OPEN
RT_0135,HUB_06,ZONE_18,HUB,DEMAND_ZONE,15.0,ROAD,0.5,10.0,4000.0,0.045,OPEN
RT_0136,HUB_11,ZONE_18,HUB,DEMAND_ZONE,173.56,ROAD,0.5,31.24,4000.0,0.027,OPEN
RT_0137,HUB_11,ZONE_19,HUB,DEMAND_ZONE,15.0,ROAD,0.5,10.0,4000.0,0.056,OPEN
RT_0138,HUB_06,ZONE_19,HUB,DEMAND_ZONE,173.56,ROAD,0.5,31.24,4000.0,0.01,OPEN
RT_0139,HUB_10,ZONE_20,HUB,DEMAND_ZONE,15.0,ROAD,0.5,10.0,4000.0,0.063,OPEN
RT_0140,HUB_08,ZONE_20,HUB,DEMAND_ZONE,486.84,ROAD,1.22,87.63,4000.0,0.064,OPEN
RT_0141,WH_05,ZONE_21,WAREHOUSE,DEMAND_ZONE,15.0,ROAD,0.5,10.0,4000.0,0.017,OPEN
RT_0142,HUB_08,ZONE_21,HUB,DEMAND_ZONE,449.34,ROAD,1.12,80.88,4000.0,0.04,OPEN
RT_0143,HUB_02,ZONE_22,HUB,DEMAND_ZONE,15.0,ROAD,0.5,10.0,4000.0,0.022,OPEN
RT_0144,HUB_03,ZONE_22,HUB,DEMAND_ZONE,232.14,ROAD,0.58,41.79,4000.0,0.077,OPEN
RT_0145,HUB_03,ZONE_23,HUB,DEMAND_ZONE,15.0,ROAD,0.5,10.0,4000.0,0.046,OPEN
RT_0146,HUB_02,ZONE_23,HUB,DEMAND_ZONE,232.14,ROAD,0.58,41.79,4000.0,0.014,OPEN
RT_0147,HUB_04,ZONE_24,HUB,DEMAND_ZONE,15.0,ROAD,0.5,10.0,4000.0,0.027,OPEN
RT_0148,HUB_14,ZONE_24,HUB,DEMAND_ZONE,267.67,ROAD,0.67,48.18,4000.0,0.069,OPEN
RT_0149,HUB_08,ZONE_25,HUB,DEMAND_ZONE,15.0,ROAD,0.5,10.0,4000.0,0.042,OPEN
RT_0150,WH_05,ZONE_25,WAREHOUSE,DEMAND_ZONE,449.34,ROAD,1.12,80.88,4000.0,0.066,OPEN
RT_0151,HUB_09,ZONE_26,HUB,DEMAND_ZONE,15.0,ROAD,0.5,10.0,4000.0,0.057,OPEN
RT_0152,WH_05,ZONE_26,WAREHOUSE,DEMAND_ZONE,633.49,ROAD,1.58,114.03,4000.0,0.079,OPEN
RT_0153,HUB_15,ZONE_27,HUB,DEMAND_ZONE,15.0,ROAD,0.5,10.0,4000.0,0.052,OPEN
RT_0154,WH_09,ZONE_27,WAREHOUSE,DEMAND_ZONE,321.75,ROAD,0.8,57.91,4000.0,0.077,OPEN
RT_0155,WH_05,ZONE_28,WAREHOUSE,DEMAND_ZONE,261.84,ROAD,0.65,47.13,4000.0,0.072,OPEN
RT_0156,HUB_08,ZONE_28,HUB,DEMAND_ZONE,343.63,ROAD,0.86,61.85,4000.0,0.053,OPEN
RT_0157,WH_07,ZONE_29,WAREHOUSE,DEMAND_ZONE,27.19,ROAD,0.5,10.0,4000.0,0.06,OPEN
RT_0158,HUB_13,ZONE_29,HUB,DEMAND_ZONE,136.26,ROAD,0.5,24.53,4000.0,0.045,OPEN
RT_0159,WH_02,ZONE_30,WAREHOUSE,DEMAND_ZONE,276.67,ROAD,0.69,49.8,4000.0,0.068,OPEN
RT_0160,HUB_01,ZONE_30,HUB,DEMAND_ZONE,342.88,ROAD,0.86,61.72,4000.0,0.048,OPEN
